ISO3,Country,Fertility,ChildMortality,InfantMortality,LifeExpectancy,GDPPerCapita,FDIIn,NaturalResourceRents,UrbanPopulation,GovtExpenditures,PaidParentalLeave,DemocScore,AutocScore,POLITY
ABW,Aruba,1.587,NA,NA,76.072,31172.8021926197,4.39982167334802,0.00188469168678285,43.411,23.0710204165153,NA,NA,NA,NA
AFG,Afghanistan,5.002,65.8,50.1,63.081,553.973308908649,0.661572216047427,0.855264249305936,25.495,NA,0,1,2,-1
AGO,Angola,5.519,77.1,51.6,62.144,2777.84304535304,-8.12589111156365,32.045405604301,65.514,10.4745435629873,0,2,4,-2
ALB,Albania,1.44,9.3,8.3,79.184,4431.55559506989,7.9463556997158,1.71111628143642,60.319,11.2865692132195,0,9,0,9
AND,Andorra,NA,3.1,3,NA,39320.1109176824,NA,0,88.062,NA,NA,NA,NA,NA
ARE,United Arab Emirates,1.356,6.7,5.3,79.627,43644.1470438183,2.43186975983804,18.1866824883602,86.522,11.6854197578622,0,0,8,-8
ARG,Argentina,2.039,10.6,9.5,76.999,13105.397163317,2.23253157689253,2.0371251352841,91.87,15.8050971558947,0,9,0,9
ARM,Armenia,1.572,12.5,11.1,75.064,4215.89939440524,2.14204783415544,1.09866113638474,63.149,11.4866903221706,1,7,0,7
ASM,American Samoa,NA,NA,NA,NA,13049.3301536176,NA,0,87.153,NA,NA,NA,NA,NA
ATG,Antigua and Barbuda,1.371,10.4,8.8,78.511,17901.0409130559,12.1775193572219,0,24.599,NA,0,NA,NA,NA
AUS,Australia,1.74,3.8,3.2,82.7487804878049,58600.7903562771,4.24461148816089,5.22752063881788,86.012,19.9898835908156,1,10,0,10
AUT,Austria,1.47,3.5,2.9,81.6926829268293,46154.6250956541,-6.2871015854224,0.140755073164382,58.297,19.3393825159642,1,10,0,10
AZE,Azerbaijan,1.73,21.8,19.4,72.76,5262.36870473368,2.97797589143235,27.6209320144449,55.68,10.4664635668981,1,0,7,-7
BDI,Burundi,5.38,58.6,41.1,61.688,274.131908470855,0.0368833867132797,13.4317629933204,13.032,26.2102674584933,0,2,3,-1
BEL,Belgium,1.62,4,3.3,81.5951219512195,42382.3182763247,-7.65717995735734,0.0484487814693338,98.001,23.1414661163506,1,8,0,8
BEN,Benin,5.199,90.7,59.2,60.14,1111.22724747423,1.36073573349143,2.60830727598415,47.312,10.4105053943384,0,7,0,7
BFA,Burkina Faso,5.069,90.3,55.1,60.047,696.044570830807,1.68919942943091,8.87619594401664,29.358,18.419409475168,0,7,1,6
BGD,Bangladesh,2.04,33.6,27.8,72.567,1460.30422758178,0.753510737984269,0.649238822939078,36.632,5.95916760828597,0,0,6,-6
BGR,Bulgaria,1.56,7,5.8,74.9634146341464,7862.86182980047,2.7269193821993,0.678372706778028,75.008,16.421363247007,1,9,0,9
BHR,Bahrain,1.93,7.2,6.1,79.857,23023.1197800625,4.37610466741817,14.7513564173951,89.287,16.2860745454655,0,0,10,-10
BHS,"Bahamas, The",1.412,13.5,11.7,73.806,30412.1328178751,3.8835168586779,0.0131261113776456,83.025,11.4623506353923,0,NA,NA,NA
BIH,Bosnia and Herzegovina,1.384,6.3,5.5,77.093,5339.47706826984,2.93781358415463,1.05259180342277,48.245,19.6573572916203,0,-66,-66,NA
BLR,Belarus,1.448,3.4,2.5,74.1756097560976,6165.95788671048,2.3762653793329,1.98128406238056,78.595,15.7398626553303,1,0,7,-7
BLZ,Belize,2.345,13.5,11.6,73.703,5699.06280152249,5.32285070919868,0.796890251194486,45.724,19.4051124649418,0,NA,NA,NA
BMU,Bermuda,1.3,NA,NA,80.825,106697.737486296,1.32046326053902,0,100,11.7283240729939,NA,NA,NA,NA
BOL,Bolivia,2.73,27.9,22.7,67.748,3219.20089192093,0.750524780939579,5.37166725772886,69.425,17.525644686723,0,7,0,7
BRA,Brazil,1.749,15,13.4,75.109,8553.86590205122,4.07748668070066,3.61759120230309,86.569,19.8950877802146,0,8,0,8
BRB,Barbados,1.619,12.3,11.4,77.067,17283.3779200865,4.72768455555012,0.214063429251287,31.147,11.7616554963064,0,NA,NA,NA
BRN,Brunei Darussalam,1.848,9.9,8.6,74.712,29437.8651779688,3.80485731593467,22.5076667399112,77.629,24.1416765478916,0,NA,NA,NA
BTN,Bhutan,1.569,27.2,22.9,71.129,3079.1439631488,0.102559426819443,1.98850743903733,40.895,18.4949248890086,0,7,0,7
BWA,Botswana,2.903,43.7,34.3,65.422,6418.70635422259,1.67893386448585,0.869694754311434,69.446,29.0985189512999,0,8,0,8
CAF,Central African Republic,6.037,108,79.9,54.369,378.263077805926,0.81061251887544,11.1787424768372,41.364,7.70001000295874,0,7,1,6
CAN,Canada,1.51,5.2,4.5,81.8439024390244,44916.4741565439,2.46931207254863,1.79820431653194,81.411,20.6814326967462,1,10,0,10
CHE,Switzerland,1.52,4.1,3.6,83.7536585365854,86756.6021294513,-22.1051198346507,0.0130088671838284,73.797,11.2649207517523,0,10,0,10
CHL,Chile,1.564,7.4,6.4,80.133,13904.1153384034,2.68461345357212,5.83707726201581,87.564,14.8564737573302,1,10,0,10
CHN,China,1.554,8.6,6.4,77.744,9619.20947506207,1.69389428445964,1.42518421392494,59.152,16.5358083433936,0,0,7,-7
CIV,Cote d'Ivoire,4.611,78.9,58.5,58.849,2168.91344210728,1.05998699690671,3.10996909544373,50.779,9.39765554302218,0,5,1,4
CMR,Cameroon,4.694,79.8,52.7,61.18,1445.26777131721,1.91398167608976,6.10463986256462,56.374,11.920018840418,0,0,5,-5
COD,"Congo, Dem. Rep.",6.302,86.5,67.2,59.942,489.382374635897,2.95904257934813,18.4167757889728,44.46,6.3175938945538,0,1,4,-3
COG,"Congo, Rep.",4.367,47.8,34.8,64.053,1924.72432958555,29.208796265348,42.6682046537325,66.916,13.5041072317143,0,0,4,-4
COL,Colombia,1.787,14.2,12.2,76.748,6320.99074757592,3.3808357321772,4.940258188938,80.778,15.4214808598175,0,7,0,7
COM,Comoros,4.196,55,42.9,63.912,1383.37787194688,0.477150092201954,1.55194278873705,28.965,10.2296889355558,0,0,3,-3
CPV,Cabo Verde,1.964,14.9,12.8,75.733,3463.81281811327,4.69595735976171,14.343668170972,65.732,18.1291233549744,0,10,0,10
CRI,Costa Rica,1.709,8.5,7.3,79.484,12470.9574208108,4.829438721344,0.945537295658598,79.34,16.1957338928329,0,10,0,10
CUB,Cuba,1.631,6.6,5.2,77.496,8047.94103064616,NA,1.10185419907902,77.037,30.0449666715961,NA,1,6,-5
CUW,Curacao,1.7,NA,NA,NA,18355.1765793615,4.16644113125828,0,89.145,14.478287356986,NA,NA,NA,NA
CYM,Cayman Islands,NA,NA,NA,NA,80597.7091117538,3.13994477140781,0,100,2.11133272268875,NA,NA,NA,NA
CYP,Cyprus,1.32,3.1,2.5,81.382,27161.5234375,-4.34995322006781,0.00469231201910547,66.81,14.5757580833179,0,10,0,10
CZE,Czechia,1.71,3.1,2.5,79.0292682926829,19689.5827032979,3.34323305768324,0.389418621280193,73.792,19.405311008932,1,9,0,9
DEU,Germany,1.57,3.8,3.2,80.8926829268293,42928.7412368012,4.19972179954621,0.0847654608298758,77.312,19.8828388477024,1,10,0,10
DJI,Djibouti,2.929,59.1,49.7,63.038,2714.35164845975,5.83497309667245,0.278959298930402,77.777,21.3501236992407,0,3,0,3
DMA,Dominica,1.617,29.6,28.1,73.59,7586.64614100055,14.1109143908535,0.0348243046150246,70.483,27.3907122065853,0,NA,NA,NA
DNK,Denmark,1.73,3.9,3.4,80.9536585365854,56563.4884729669,2.45600096718496,0.587862611976543,87.874,24.2753514178382,1,10,0,10
DOM,Dominican Republic,2.381,34.8,28.7,73.232,7894.95519223748,3.20786334506486,0.868889463505184,81.074,10.8598569852577,0,8,1,7
DZA,Algeria,3.023,24,20.6,76.066,4188.22038483483,0.838208408974565,20.7172028374976,72.629,17.2579498369579,0,3,1,2
ECU,Ecuador,2.133,13.9,12,77.094,5976.24534526558,1.29178302727504,7.0964207852671,63.821,14.7163578426316,0,6,1,5
EGY,"Egypt, Arab Rep.",3.098,20.9,17.8,71.367,3635.4205822819,3.10040077579187,7.59656355901849,42.704,7.94222279370794,0,0,4,-4
ERI,Eritrea,4.056,41.9,31.4,67.067,NA,NA,NA,40.08,NA,0,0,7,-7
ESP,Spain,1.26,3.2,2.7,83.4317073170732,27739.8647682529,4.12365956451029,0.0630077839936006,80.321,18.7144009389804,0,10,0,10
EST,Estonia,1.67,2.5,1.9,78.2439024390244,19611.6109936281,4.02406402395405,2.01785330968871,68.88,19.1291737338201,1,9,0,9
ETH,Ethiopia,4.343,54.3,38.6,65.412,744.367520290091,3.98771971634175,6.36887574699294,20.763,10.2504816780532,0,3,2,1
FIN,Finland,1.41,2.4,1.9,81.7341463414634,45627.9198947233,-3.83438230194276,0.563372986587861,85.382,22.9013715294138,1,10,0,10
FJI,Fiji,2.53,24.2,20.5,67.81,5708.91097062488,8.40038118549297,1.19164257504239,56.248,20.3918840213059,0,4,0,2
FRA,France,1.87,4.3,3.3,82.6756097560976,38259.6977698474,2.77657814362355,0.0429051117731693,80.444,23.2715949606187,1,10,0,10
FRO,Faroe Islands,2.5064,NA,NA,82.4951219512195,54506.387071933,NA,0,42.064,28.4050499632477,NA,NA,NA,NA
FSM,"Micronesia, Fed. Sts.",2.84,27.6,23.1,71.318,2962.23858125628,NA,0.0165045161037463,22.703,NA,0,NA,NA,NA
GAB,Gabon,3.679,45.2,32.4,66.306,6786.89034991238,8.17598938406468,21.16026297404,89.37,10.5658037085265,0,4,1,3
GBR,United Kingdom,1.68,4.4,3.8,81.2560975609756,46740.5535926377,-0.872604333652357,0.626195352812848,83.398,18.5412934232339,1,8,0,8
GEO,Georgia,2.114,9.8,8.8,73.341,4539.00351483654,7.41052823258979,0.451235879680756,58.632,13.2075767835442,0,8,1,7
GHA,Ghana,3.731,48.9,35.5,64.122,1899.80842221694,4.44143127036742,9.7904078745383,56.06,7.10478048996711,0,8,0,8
GIB,Gibraltar,1.879,NA,NA,82.154,NA,NA,NA,100,NA,NA,NA,NA,NA
GIN,Guinea,4.669,105.9,67.8,59.349,910.652641922598,2.97511256253948,13.7023759938136,36.14,15.4819047731406,0,4,0,4
GMB,"Gambia, The",4.972,52.7,36.4,63.04,645.938187151588,4.89653501762191,2.72252448983926,61.27,6.82478004672062,0,4,0,4
GNB,Guinea-Bissau,4.263,82.7,54.7,60.502,620.771030397279,1.36670244669245,9.88886799180997,43.36,12.6235200292059,0,7,1,6
GNQ,Equatorial Guinea,4.513,84.3,62,61.191,7079.65052642928,3.0241842661758,27.8023533090755,72.143,23.5278374099566,0,0,6,-6
GRC,Greece,1.35,4.2,3.5,81.7878048780488,18647.4957207515,1.89835335150905,0.107923693978732,79.058,19.7755483313339,0,10,0,10
GRD,Grenada,2.063,15.5,13.9,74.808,9252.55403427554,15.9441349586328,0,36.272,NA,0,NA,NA,NA
GRL,Greenland,2,NA,NA,71.9675609756098,47012.9860350276,NA,0,86.816,43.1423966501003,NA,NA,NA,NA
GTM,Guatemala,2.743,25.4,21.5,72.726,4163.47630221389,1.25790048523713,1.19385178218072,51.054,11.120258551506,0,9,1,8
GUM,Guam,2.671,NA,NA,77.439,34472.95939787,NA,0,94.78,NA,NA,NA,NA,NA
GUY,Guyana,2.462,30.2,25.2,68.896,6127.67910664033,24.6552859939849,6.60863781746129,26.606,NA,0,8,1,7
HKG,"Hong Kong SAR, China",1.08,NA,NA,84.869756097561,45280.4865045373,26.8255240590301,0.00106133601917033,100,9.92512949539558,0,NA,NA,NA
HND,Honduras,2.46,18.4,15.8,72.814,2423.27605962903,5.9938612069111,1.07184110988038,57.096,13.4622514861767,0,7,0,7
HRV,Croatia,1.47,4.8,4,78.0707317073171,13698.0547960571,2.13427120090589,0.773060031000923,56.947,21.8421237710387,1,9,0,9
HTI,Haiti,2.959,64.1,49.1,64.019,1430.81877666569,0.640093069891155,0.44034486815939,55.278,8.26343071867152,0,6,1,5
HUN,Hungary,1.55,4.3,3.6,76.0658536585366,14377.4241602939,-40.0863459924574,0.347622949150536,71.351,19.692564843013,1,10,0,10
IDN,Indonesia,2.234,24.5,20.7,70.338,3741.30526682049,1.81428979349441,4.21663374449654,55.325,9.02123180406767,0,9,0,9
IMN,Isle of Man,1.621,NA,NA,80.596,95074.3747479803,NA,0,52.588,NA,NA,NA,NA,NA
IND,India,2.177,36.4,31.3,70.71,1891.13843543192,1.55821483798075,2.25531632110711,34.03,10.8232185256227,0,9,0,9
IRL,Ireland,1.75,3.4,2.9,82.2048780487805,72478.8382398373,17.4199352066576,0.126075695067046,63.17,12.0199953600242,0,10,0,10
IRN,"Iran, Islamic Rep.",1.968,13.9,11.9,76.195,5233.28205397474,0.719762831370911,34.2395948033408,74.898,15.7471688919776,0,0,7,-7
IRQ,Iraq,3.659,26.8,22.5,71.514,4710.97614870841,-2.14854834807913,46.1477869076682,70.473,15.8794898494183,0,6,0,6
ISL,Iceland,1.71,2.7,2.1,82.8609756097561,57697.8044237427,-2.37128033729888,1.96537396162221e-4,93.813,24.1472081886941,1,NA,NA,NA
ISR,Israel,3.09,3.7,2.9,82.8024390243903,38744.1604404811,5.71143720615578,0.243287805206997,92.418,22.3482241675315,0,7,1,6
ITA,Italy,1.29,3.2,2.7,83.3463414634146,31593.4802621599,2.11525548165585,0.0992013245530201,70.438,18.8808660673035,1,10,0,10
JAM,Jamaica,1.388,18.7,16.1,71.793,5264.19646715848,4.92423116374654,1.72957545790371,55.674,13.4379511959792,0,9,0,9
JOR,Jordan,2.973,16,13.8,75.774,3929.68718472936,2.20177686575576,0.719072817629181,90.979,16.7438960469568,0,2,5,-3
JPN,Japan,1.42,2.5,1.9,84.2109756097561,36138.5290824719,0.501685482403774,0.0367554022408906,91.616,19.5636743323798,1,10,0,10
KAZ,Kazakhstan,2.84,10.3,9.2,73.15,11053.3604174846,0.196995426846668,20.7829646926253,57.428,8.32120070703086,1,0,6,-6
KEN,Kenya,3.58,44.3,32.8,62.676,1604.80293212228,0.832686217791619,1.36132463517161,27.03,12.3486893953272,0,9,0,9
KGZ,Kyrgyz Republic,3.3,19,17,71.4,1197.61057510002,1.74369178553725,4.67048081477686,36.351,17.1697001118399,0,8,0,8
KHM,Cambodia,2.435,27.5,23.6,70.561,1384.96802283531,13.0744980660067,0.878243793336486,23.388,4.9262731711559,0,0,4,-4
KIR,Kiribati,3.41,60.1,46.4,66.855,1459.79396188067,-0.582369380090914,0.0420866204186192,54.057,74.6522813688213,0,NA,NA,NA
KNA,St. Kitts and Nevis,1.587,17.2,14.8,71.467,21255.1548395876,3.72145057310969,0,30.776,NA,0,NA,NA,NA
KOR,"Korea, Rep.",0.977,3.2,2.8,82.6268292682927,31059.2668087927,0.706084799750036,0.0471215171527114,81.459,16.0517273115489,1,8,0,8
KWT,Kuwait,2.165,8.8,7.6,79.722,26664.6333151447,-0.0154682898522778,45.1522896110691,100,23.0543493490628,0,0,7,-7
LAO,Lao PDR,2.619,46.8,37.2,67.634,2467.95576150974,7.48564437536693,3.8787583779558,35.004,NA,0,0,7,-7
LBN,Lebanon,2.148,14,12,79.729,8435.63735402702,4.84140308956364,0.00106750721286952,88.593,15.3368530010403,0,6,0,6
LBR,Liberia,4.336,82.3,60.7,60.853,673.411391957645,3.77268493884788,14.0250297312743,51.151,NA,0,8,1,7
LBY,Libya,2.581,11.9,10.2,72.794,10595.2468302316,NA,31.6168598912657,80.102,35.3379400213425,0,-77,-77,0
LCA,St. Lucia,1.436,17.6,16.2,73.357,11176.4408232232,2.21296672500474,0.0120179605482605,18.678,NA,0,NA,NA,NA
LIE,Liechtenstein,1.58,NA,NA,83.0414634146342,NA,-1303.10826691135,0.00327838093890037,14.338,NA,NA,NA,NA,NA
LKA,Sri Lanka,2.031,7.6,6.5,75.748,4495.71046284418,1.7080938570071,0.064834147164453,18.476,8.60915689712681,0,7,1,6
LSO,Lesotho,3.139,77.2,61.4,53.733,1061.43805871852,1.59898739288565,3.60958084633478,28.153,38.062996044466,0,9,1,8
LTU,Lithuania,1.63,4,3.2,75.6804878048781,16443.5852875776,2.41824675908941,0.378395633092732,67.679,16.3718092930045,1,10,0,10
LUX,Luxembourg,1.38,2.7,2.3,82.2951219512195,106376.783565763,-117.374732788902,0.0131614123128893,90.981,16.8036666755155,1,10,0,10
LVA,Latvia,1.6,4.2,3.6,74.7829268292683,15558.4920048315,1.23236160129672,1.07351315071964,68.142,17.8994150833607,1,8,0,8
MAC,"Macao SAR, China",1.104,NA,NA,84.928,80342.5875773682,3.13426157065493,3.78495372010862e-4,100,9.43781184978688,NA,NA,NA,NA
MAF,St. Martin (French part),2.517,NA,NA,80.614,NA,NA,NA,NA,NA,NA,NA,NA,NA
MAR,Morocco,2.415,20.3,17.4,73.986,3296.19409179688,2.78337936840164,2.41389789515822,62.453,17.9957615100603,0,1,5,-4
MCO,Monaco,NA,3.2,2.6,NA,178571.347957464,NA,0,100,NA,NA,NA,NA,NA
MDA,Moldova,1.809,14.9,12.8,70.492,3268.42596665742,2.75144383334188,0.262039473546905,42.629,14.2811623246706,1,9,0,9
MDG,Madagascar,4.043,65.8,45.2,65.27,470.423898266865,4.44792798727993,5.16989441363436,37.191,13.6033052508512,0,6,0,6
MDV,Maldives,1.784,7.6,6.5,80.013,10453.6355280567,10.651764787043,0.00258396462676911,39.808,NA,0,NA,NA,NA
MEX,Mexico,1.996,14.7,12.7,74.015,10343.3534291048,3.01338710793554,2.8911069990433,80.156,11.2562967715418,0,8,0,8
MHL,Marshall Islands,2.877,32.7,27.1,64.5,4454.84354401191,4.44426452790407,0,77.031,60.0961352914666,0,NA,NA,NA
MKD,North Macedonia,1.42,8.2,7.2,76.6487804878049,5184.69680504137,5.11494867914757,0.424659195176793,57.963,14.2837255892918,0,9,0,9
MLI,Mali,6.183,105.8,65.7,59.393,767.571595521859,2.73738513064307,7.74269774600288,42.356,15.877219836205,0,6,1,5
MLT,Malta,1.23,6.2,5.4,82.4487804878049,28177.5495393975,29.1220505865117,0,94.612,15.389932898621,0,NA,NA,NA
MMR,Myanmar,2.213,46,36.7,66.465,1355.44767222938,2.60581166201446,6.70278022169487,30.579,NA,0,8,0,8
MNE,Montenegro,1.76,3.4,2.9,76.8414634146342,7381.80764032937,8.8189254000302,0.837441665171651,66.813,18.5044594510554,1,9,0,9
MNG,Mongolia,2.923,16.5,14.2,71.199,4242.30022157508,14.8088797144774,19.8676151919941,68.445,12.6929848143572,1,10,0,10
MNP,Northern Mariana Islands,NA,NA,NA,NA,23242.9254375819,NA,0,91.618,NA,NA,NA,NA,NA
MOZ,Mozambique,4.852,74.8,54.2,60.526,612.599059978703,11.1741433343779,16.3975888133586,35.988,NA,0,6,1,5
MRT,Mauritania,4.607,44.6,34.7,65.31,1628.03885516365,10.341677240257,2.808310001036,53.672,12.9844027999052,0,0,2,-2
MUS,Mauritius,1.41,15.4,13.7,74.4163414634146,10652.4836886859,3.12514162993863,0.00240720178247387,40.793,14.5624311314736,0,10,0,10
MWI,Malawi,4.14,47.6,34.1,63.276,558.560452702602,0.779423469311901,5.20814805353589,16.937,NA,0,6,0,6
MYS,Malaysia,1.881,8.1,6.9,75.644,10777.7665213518,2.31458721219734,7.32744449685636,76.036,11.9694462955517,0,7,0,7
NAM,Namibia,3.462,43.1,31.2,62.586,4714.45251824565,1.71299811450523,1.26282912430688,50.032,25.3675244742329,0,6,0,6
NCL,New Caledonia,2.06,NA,NA,80.0030975609756,NA,3.48909999919078,0.970193483384602,70.683,NA,NA,NA,NA,NA
NER,Niger,7.023,123.2,62.3,62.454,510.595514269487,3.63037399478203,6.79609733342576,16.425,15.1748924943343,0,6,1,5
NGA,Nigeria,5.447,119.9,75.7,52.554,2512.08047529121,0.183821495682229,9.79850822600435,50.344,NA,0,8,1,7
NIC,Nicaragua,2.404,17.4,14.9,73.85,2052.14140413641,6.4305941709247,2.02687465495511,58.522,14.8028652904708,0,7,1,6
NLD,Netherlands,1.59,4,3.5,81.8121951219512,47826.8191172843,-36.1403474265894,0.355103573458477,91.49,24.3687555475738,0,10,0,10
NOR,Norway,1.56,2.5,2,82.7585365853659,76373.6241145297,-1.28796404191649,7.39362211775806,82.248,23.112939424551,1,10,0,10
NPL,Nepal,2.104,32.8,27.2,68.979,1006.60690911452,0.206157202261998,0.424156459923021,19.74,8.06153627752226,0,8,1,7
NRU,Nauru,3.67,30.1,25.1,63.234,7757.56040191359,NA,0,100,NA,NA,NA,NA,NA
NZL,New Zealand,1.71,5.1,4.2,81.7073170731707,40422.3457941784,1.18765784021918,1.58813238238384,86.538,18.2283962107037,1,10,0,10
OMN,Oman,2.883,10.9,9.4,77.966,18256.6531453301,6.12067985447931,27.0144782962431,84.539,21.5586630286494,0,0,8,-8
PAK,Pakistan,3.685,69.4,57.3,66.482,1612.83535268155,0.487745750658143,1.24123933516406,36.666,10.9936256389097,0,7,0,7
PAN,Panama,2.441,16.5,14.2,77.863,14922.129988894,7.44689544490283,0.0994393790926708,67.709,NA,0,9,0,9
PER,Peru,2.26,16.2,12.6,76.009,6530.42299765457,2.63824619479376,5.95602611154103,77.907,13.0774424949562,0,9,0,9
PHL,Philippines,2.831,28,22.1,71.689,3439.10052334951,2.86833826073638,0.943783444739612,46.907,12.0427836520158,0,8,0,8
PLW,Palau,NA,23,22.7,NA,15258.8280670357,17.4148839424698,0,79.93,NA,0,NA,NA,NA
PNG,Papua New Guinea,3.382,47.1,37.4,65.182,2536.0831879568,1.27185526445477,16.921880825492,13.169,NA,0,5,0,5
POL,Poland,1.46,4.5,3.9,77.6024390243903,14408.384388723,3.2616605298695,2.71315064903734,60.058,17.6506908515659,1,10,0,10
PRI,Puerto Rico,1.035,NA,NA,79.77,29687.2064763276,NA,0,93.578,7.97618021733769,0,NA,NA,NA
PRK,"Korea, Dem. People's Rep.",1.845,18.3,14.6,73.031,NA,NA,NA,61.899,NA,NA,0,10,-10
PRT,Portugal,1.42,3.5,2.9,81.3243902439024,21057.6174784232,3.23799499125135,0.240667367524237,65.211,16.9771278210589,1,10,0,10
PRY,Paraguay,2.561,20.1,17.2,73.568,6338.51367820775,0.564276591739946,1.51126155574886,61.585,11.5202342968007,0,9,0,9
PSE,West Bank and Gaza,3.712,16.5,14.1,74.793,3417.79440837962,1.29446294401352,0,76.164,21.9910792180185,0,NA,NA,NA
PYF,French Polynesia,1.789,NA,NA,82.783,19471.3901061808,0.0967844903798311,0.00356522146444518,61.834,30.7248836166431,NA,NA,NA,NA
QAT,Qatar,1.848,6.6,5.6,80.898,60080.696551117,-1.19249695201383,23.9995278669173,99.135,16.2809888444084,0,0,10,-10
ROU,Romania,1.76,7.3,6,75.3585365853659,10778.4483512826,3.01811604066556,1.07026334712177,53.998,16.6605877889005,1,9,0,9
RUS,Russian Federation,1.579,6.3,5.1,72.6621951219512,9739.908203125,0.530060790633169,14.4734868157828,74.433,17.7103783204011,1,5,1,4
RWA,Rwanda,3.994,43.4,32.1,66.251,815.034172409732,3.80015204201567,4.71387568610559,17.211,14.7486868372799,0,0,3,-3
SAU,Saudi Arabia,2.546,7.7,6.6,77.212,20096.552487567,1.43413119290629,29.2707418122277,83.844,23.6005624794771,0,0,10,-10
SDN,Sudan,4.681,59,41.3,65.681,1248.95727539063,3.51269523880448,6.14770644131694,34.642,6.71404330537475,0,0,4,-4
SEN,Senegal,4.584,43.7,31.9,68.097,1384.64207467823,3.66765809010971,2.88655464408866,47.192,13.7846307930863,0,7,0,7
SGP,Singapore,1.14,2.5,2.1,83.2975609756098,61276.9465931259,21.7606312926008,1.88767152938037e-4,100,9.97849066387797,1,2,4,-2
SLB,Solomon Islands,4.157,20.8,17.7,70.173,2217.81727876586,1.54706752007295,22.3396585662881,23.749,26.832514730951,0,9,1,8
SLE,Sierra Leone,4.294,116.6,85,59.796,617.529519430669,6.13069867294037,8.55532841443589,42.055,9.24056460873689,0,8,1,7
SLV,El Salvador,1.849,13.7,11.8,72.555,4011.53997873836,1.58620478716365,0.663649690465912,72.023,16.1096582163919,0,8,0,8
SMR,San Marino,NA,1.7,1.5,NA,43277.5014149123,NA,0,97.226,19.4112752303317,0,NA,NA,NA
SOM,Somalia,6.632,120.2,75.9,56.375,543.998079911656,4.92860033669335,11.735774261604,44.971,5.97703659676138,0,5,0,5
SRB,Serbia,1.49,5.8,5,75.890243902439,6261.52570046486,8.04076178686372,1.54067953539602,56.092,16.5396316552388,1,9,1,8
SSD,South Sudan,4.696,98.8,63.8,55.95,NA,NA,NA,19.615,NA,0,-77,-77,0
STP,Sao Tome and Principe,4.044,18,14.3,68.355,1406.1033821349,6.17598418618007,2.33693840944991,72.803,NA,0,NA,NA,NA
SUR,Suriname,2.418,18.8,16.8,72.553,8751.10760204613,3.27713336345246,8.44388268533074,66.06,NA,0,6,1,5
SVK,Slovak Republic,1.54,6,5,77.2658536585366,17818.2341072167,2.12068480983264,0.289202597240663,53.726,18.6489193348343,1,10,0,10
SVN,Slovenia,1.6,2.4,2,81.3780487804878,23483.529124564,2.83905082015686,0.261790471547443,54.541,18.2469006361666,1,10,0,10
SWE,Sweden,1.76,2.7,2.2,82.5585365853659,52983.0068617482,-0.246421087777435,1.06109616438888,87.431,26.0593881166604,1,10,0,10
SWZ,Eswatini,2.962,58.4,44.5,59.411,3696.35985012092,0.667098955080786,3.14380015317315,23.799,23.1015541741024,0,0,7,-7
SXM,Sint Maarten (Dutch part),1.61,NA,NA,75.131,30149.583808096,-3.80519906523239,0,100,NA,NA,NA,NA,NA
SYC,Seychelles,2.41,14.8,12.7,72.8414634146341,16110.9908609155,19.2167963222491,0.121453194976473,56.691,22.1471616185095,0,NA,NA,NA
SYR,Syrian Arab Republic,2.886,40.5,25.7,70.145,802.505062325787,NA,3.35036111849182,54.162,15.9632633383117,0,0,9,-9
TCA,Turks and Caicos Islands,1.723,6.6,4.5,76.443,25080.1644890531,3.79337356649161,0.00277281674159693,93.098,NA,NA,NA,NA,NA
TCD,Chad,6.464,117.2,70.6,52.825,653.349761493496,4.10075293979807,20.9399413766231,23.059,3.60339327694371,0,1,2,-1
TGO,Togo,4.442,68.8,46.8,60.244,812.457589359773,-2.57457902571647,4.87362329556752,41.702,13.2027764907528,0,1,3,-2
THA,Thailand,1.378,9.3,8,78.662,6336.23967742373,2.71279835138662,1.81670642609227,49.949,16.1739664282364,0,0,3,-3
TJK,Tajikistan,3.294,34.5,30.2,70.353,1116.29308856966,2.84432999754195,5.40040742136206,27.134,11.2210663784563,1,1,4,-3
TKM,Turkmenistan,2.786,43.2,37.3,68.796,7089.94180488049,3.94118312575782,20.0690091609088,51.593,10.0238998030544,NA,0,8,-8
TLS,Timor-Leste,3.452,55.9,47.2,68.017,1256.90389911275,3.06008008460556,62.7689541343655,30.578,56.3116908060059,0,9,1,8
TON,Tonga,3.349,12,10.3,70.779,4587.2801410509,4.74749115075344,0.0399575891818241,23.131,19.2210010479639,0,NA,NA,NA
TTO,Trinidad and Tobago,1.651,17.6,15.7,73.802,15716.4297308559,-2.84986542345152,11.2320374302733,53.184,NA,0,9,0,9
TUN,Tunisia,2.174,15.4,13.3,75.95,4070.1498157184,2.32247623873919,2.82187987069052,68.945,18.3879906926275,0,7,0,7
TUR,Turkiye,2.054,11.5,9.9,77.563,12148.2942496874,1.59825986143659,0.52996663633101,75.143,14.5088902218089,0,0,4,-4
TUV,Tuvalu,3.209,23.3,19.8,64.212,3718.43097727405,0.622431287005829,0,62.387,NA,NA,NA,NA,NA
TZA,Tanzania,4.923,47.9,34.5,66.535,1012.49896240234,1.70440979499363,3.61159728659091,33.776,8.11258642479634,0,4,1,3
UGA,Uganda,4.932,47.7,34.3,62.714,896.162531916137,3.20512810607337,8.38888217833344,23.774,8.63607272997988,0,1,2,-1
UKR,Ukraine,1.301,8.7,7.4,71.5826829268293,2336.9765625,3.80086991777664,2.91046955095297,69.352,20.7717491381349,0,5,1,4
URY,Uruguay,1.658,7.7,6.5,77.611,17440.3819389787,2.64795812395409,1.97299244228802,95.334,NA,0,10,0,10
USA,United States,1.7295,6.5,5.6,78.6390243902439,59607.3936602496,1.0457039920427,0.595678810382377,82.256,13.9274534549159,1,8,0,8
UZB,Uzbekistan,2.604,16.4,14.6,71.149,3062.48622234038,1.1815495684952,18.6507971459477,50.478,13.434606820154,1,0,9,-9
VCT,St. Vincent and the Grenadines,1.873,13.7,12.6,74.128,8152.41362830624,4.52412383276845,0.0209304790297473,52.198,NA,0,NA,NA,NA
VEN,"Venezuela, RB",2.272,24.2,21.2,71.979,NA,NA,NA,88.208,NA,0,1,4,-3
VGB,British Virgin Islands,0.917,14.5,12.8,75.831,NA,NA,NA,47.723,NA,NA,NA,NA,NA
VIR,Virgin Islands (U.S.),2.06,NA,NA,79.5195121951219,35183.2357524821,NA,0.372382849153501,95.721,43.2322202396125,NA,NA,NA,NA
VNM,Viet Nam,1.937,21.3,17,73.976,3090.77259500058,4.99828319622328,3.26009968480725,35.919,9.74588920041204,0,0,7,-7
VUT,Vanuatu,3.855,20,17.1,69.795,2815.5871437955,4.10866391285911,0.60798151676621,25.274,16.9183900289763,0,NA,NA,NA
WSM,Samoa,4.109,17.8,15.3,72.636,4277.34201549273,1.90261035583233,0.264678611319933,18.243,13.4088642552028,0,NA,NA,NA
YEM,"Yemen, Rep.",4.043,47.2,36.6,64.575,1194.82056073462,-1.30563840480677,4.60935600503207,36.642,9.14446268783422,0,-77,-77,0
ZAF,South Africa,2.418,36.1,28.5,65.674,6253.1189963954,1.3742911715334,3.86949148830953,66.355,19.3522261422661,0,9,0,9
ZMB,Zambia,4.536,64,43.4,62.342,1331.44924435525,1.55231886738395,11.7483463033985,43.521,12.7086628266733,0,6,0,6
ZWE,Zimbabwe,3.659,53.4,37.8,61.414,1462.59027890974,2.10172108199503,3.37818944674235,32.209,10.3743063371739,0,5,1,4
